n,mean,median,mode,min,max,sd
34,2.421470588235294,2.365,1.95,0.07,4.05,0.850048598799419
